{
	"credit": "Made with Blockbench",
	"parent": "mechanization:base/model_block",
	"textures": {
		"0": "mechanization:base/t1_metal_plate",
		"1": "mechanization:base/t1_battery_side",
		"2": "mechanization:base/t1_solid_dark",
		"3": "mechanization:base/t1_gradient_panel",
		"5": "mechanization:base/energy_storage_empty",
		"6": "minecraft:block/blue_stained_glass"
	},
	"elements": [
		{
			"name": "Base1",
			"from": [2, 0.00242, 2.00242],
			"to": [14, 2.00242, 14.00242],
			"rotation": {"angle": 0, "axis": "y", "origin": [0, 0.00242, 0.00242]},
			"faces": {
				"down": {"uv": [0, 0, 16, 16], "texture": "#0"}
			}
		},
		{
			"name": "Base2",
			"from": [2, 6.58541, -1.90969],
			"to": [14, 9.41041, 0.09031],
			"rotation": {"angle": -45, "axis": "x", "origin": [8, 8.01041, 7.99031]},
			"faces": {
				"north": {"uv": [0, 13, 12, 16], "texture": "#1"},
				"east": {"uv": [0, 0, 2, 2.8], "texture": "#2"},
				"west": {"uv": [0, 0, 2, 2.8], "texture": "#2"}
			}
		},
		{
			"name": "Base3",
			"from": [2, 6.58541, 15.90969],
			"to": [14, 9.41041, 17.90969],
			"rotation": {"angle": 45, "axis": "x", "origin": [8, 8.01041, 8.00969]},
			"faces": {
				"east": {"uv": [0, 0, 2, 2.8], "texture": "#2"},
				"south": {"uv": [0, 13, 12, 16], "texture": "#1"},
				"west": {"uv": [0, 0, 2, 2.8], "texture": "#2"}
			}
		},
		{
			"name": "Base4",
			"from": [6.59031, -1.88959, 2],
			"to": [9.41531, 0.11041, 14],
			"rotation": {"angle": -45, "axis": "z", "origin": [7.99031, 8.01041, 8]},
			"faces": {
				"north": {"uv": [0, 0, 2.8, 2], "texture": "#2"},
				"south": {"uv": [0, 0, 2.8, 2], "texture": "#2"},
				"down": {"uv": [0, 13, 12, 16], "rotation": 90, "texture": "#1"}
			}
		},
		{
			"name": "Base5",
			"from": [6.58469, -1.88959, 2],
			"to": [9.40969, 0.11041, 14],
			"rotation": {"angle": 45, "axis": "z", "origin": [8.00969, 8.01041, 8]},
			"faces": {
				"north": {"uv": [0, 0, 2.8, 2], "texture": "#2"},
				"south": {"uv": [0, 0, 2.8, 2], "texture": "#2"},
				"down": {"uv": [0, 13, 12, 16], "rotation": 90, "texture": "#1"}
			}
		},
		{
			"name": "Side1-1",
			"from": [2, 2, 0],
			"to": [14, 4, 2],
			"faces": {
				"north": {"uv": [2, 12, 14, 14], "texture": "#3"},
				"up": {"uv": [0, 0, 12, 2], "texture": "#2"}
			}
		},
		{
			"name": "Side1-2",
			"from": [2, 4, 0],
			"to": [4, 12, 2],
			"faces": {
				"north": {"uv": [12, 4, 14, 12], "texture": "#3"},
				"east": {"uv": [0, 0, 2, 8], "texture": "#2"}
			}
		},
		{
			"name": "Side1-3",
			"from": [12, 4, 0],
			"to": [14, 12, 2],
			"faces": {
				"north": {"uv": [2, 4, 4, 12], "texture": "#3"},
				"west": {"uv": [0, 0, 2, 8], "texture": "#2"}
			}
		},
		{
			"name": "Side1-4",
			"from": [2, 12, 0],
			"to": [14, 14, 2],
			"faces": {
				"north": {"uv": [2, 2, 14, 4], "texture": "#3"},
				"down": {"uv": [0, 0, 12, 2], "texture": "#2"}
			}
		},
		{
			"name": "Side2-1",
			"from": [2, 2, 14],
			"to": [14, 4, 16],
			"faces": {
				"south": {"uv": [2, 12, 14, 14], "texture": "#3"},
				"up": {"uv": [0, 0, 12, 2], "texture": "#2"}
			}
		},
		{
			"name": "Side2-2",
			"from": [2, 4, 14],
			"to": [4, 12, 16],
			"faces": {
				"east": {"uv": [0, 0, 2, 8], "texture": "#2"},
				"south": {"uv": [2, 4, 4, 12], "texture": "#3"}
			}
		},
		{
			"name": "Side2-3",
			"from": [12, 4, 14],
			"to": [14, 12, 16],
			"faces": {
				"south": {"uv": [12, 4, 14, 12], "texture": "#3"},
				"west": {"uv": [0, 0, 2, 8], "texture": "#2"}
			}
		},
		{
			"name": "Side2-4",
			"from": [2, 12, 14],
			"to": [14, 14, 16],
			"faces": {
				"south": {"uv": [2, 2, 14, 4], "texture": "#3"},
				"down": {"uv": [0, 0, 12, 2], "texture": "#2"}
			}
		},
		{
			"name": "Side3-1",
			"from": [0, 2, 2],
			"to": [2, 4, 14],
			"faces": {
				"west": {"uv": [2, 12, 14, 14], "texture": "#3"},
				"up": {"uv": [0, 0, 2, 12], "texture": "#2"}
			}
		},
		{
			"name": "Side3-2",
			"from": [0, 4, 2],
			"to": [2, 12, 4],
			"faces": {
				"south": {"uv": [0, 0, 2, 8], "texture": "#2"},
				"west": {"uv": [2, 4, 4, 12], "texture": "#3"}
			}
		},
		{
			"name": "Side3-3",
			"from": [0, 4, 12],
			"to": [2, 12, 14],
			"faces": {
				"north": {"uv": [0, 0, 2, 8], "texture": "#2"},
				"west": {"uv": [12, 4, 14, 12], "texture": "#3"}
			}
		},
		{
			"name": "Side3-4",
			"from": [0, 12, 2],
			"to": [2, 14, 14],
			"faces": {
				"west": {"uv": [2, 2, 14, 4], "texture": "#3"},
				"down": {"uv": [0, 0, 2, 12], "texture": "#2"}
			}
		},
		{
			"name": "Side4-1",
			"from": [14, 2, 2],
			"to": [16, 4, 14],
			"faces": {
				"east": {"uv": [2, 12, 14, 14], "texture": "#3"},
				"up": {"uv": [0, 0, 2, 12], "texture": "#2"}
			}
		},
		{
			"name": "Side4-2",
			"from": [14, 4, 2],
			"to": [16, 12, 4],
			"faces": {
				"east": {"uv": [12, 4, 14, 12], "texture": "#3"},
				"south": {"uv": [0, 0, 2, 8], "texture": "#2"}
			}
		},
		{
			"name": "Side4-3",
			"from": [14, 4, 12],
			"to": [16, 12, 14],
			"faces": {
				"north": {"uv": [0, 0, 2, 8], "texture": "#2"},
				"east": {"uv": [2, 4, 4, 12], "texture": "#3"}
			}
		},
		{
			"name": "Side4-4",
			"from": [14, 12, 2],
			"to": [16, 14, 14],
			"faces": {
				"east": {"uv": [2, 2, 14, 4], "texture": "#3"},
				"down": {"uv": [0, 0, 2, 12], "texture": "#2"}
			}
		},
		{
			"name": "Corner1",
			"from": [-1.90727, 2, 6.58298],
			"to": [17.89273, 14, 9.41298],
			"rotation": {"angle": -45, "axis": "y", "origin": [7.99273, 8, 8.00798]},
			"faces": {
				"east": {"uv": [0, 0, 2.825, 12], "texture": "#2"},
				"west": {"uv": [0, 0, 2.8, 12], "texture": "#2"},
				"up": {"uv": [0, 0, 2, 2.8], "texture": "#2"},
				"down": {"uv": [0, 0, 2, 2.8], "texture": "#2"}
			}
		},
		{
			"name": "Corner2",
			"from": [-1.89202, 2, 6.58227],
			"to": [17.90798, 14, 9.41227],
			"rotation": {"angle": 45, "axis": "y", "origin": [8.00798, 8, 8.00727]},
			"faces": {
				"east": {"uv": [0, 0, 2.825, 12], "texture": "#2"},
				"west": {"uv": [0, 0, 2.8, 12], "texture": "#2"},
				"up": {"uv": [0, 0, 2, 2.8], "texture": "#2"},
				"down": {"uv": [0, 0, 2, 2.8], "texture": "#2"}
			}
		},
		{
			"name": "Top1",
			"from": [2, 13.99758, 2.00242],
			"to": [14, 15.99758, 14.00242],
			"rotation": {"angle": 0, "axis": "y", "origin": [0, -0.00242, 0.00242]},
			"faces": {
				"up": {"uv": [0, 0, 16, 16], "texture": "#0"}
			}
		},
		{
			"name": "Top2",
			"from": [2, 6.58959, -1.90969],
			"to": [14, 9.41459, 0.09031],
			"rotation": {"angle": 45, "axis": "x", "origin": [8, 7.98959, 7.99031]},
			"faces": {
				"north": {"uv": [0, 13, 12, 16], "texture": "#1"},
				"east": {"uv": [0, 0, 2, 2.8], "texture": "#2"},
				"west": {"uv": [0, 0, 2, 2.8], "texture": "#2"}
			}
		},
		{
			"name": "Top3",
			"from": [2, 6.58959, 15.90969],
			"to": [14, 9.41459, 17.90969],
			"rotation": {"angle": -45, "axis": "x", "origin": [8, 7.98959, 8.00969]},
			"faces": {
				"east": {"uv": [0, 0, 2, 2.8], "texture": "#2"},
				"south": {"uv": [0, 13, 12, 16], "texture": "#1"},
				"west": {"uv": [0, 0, 2, 2.8], "texture": "#2"}
			}
		},
		{
			"name": "Top4",
			"from": [6.58469, 15.88959, 2],
			"to": [9.40969, 17.88959, 14],
			"rotation": {"angle": -45, "axis": "z", "origin": [8.00969, 7.98959, 8]},
			"faces": {
				"north": {"uv": [0, 0, 2.8, 2], "texture": "#2"},
				"south": {"uv": [0, 0, 2.8, 2], "texture": "#2"},
				"up": {"uv": [0, 13, 12, 16], "rotation": 90, "texture": "#1"}
			}
		},
		{
			"name": "Top5",
			"from": [6.59031, 15.88959, 2],
			"to": [9.41531, 17.88959, 14],
			"rotation": {"angle": 45, "axis": "z", "origin": [7.99031, 7.98959, 8]},
			"faces": {
				"north": {"uv": [0, 0, 2.8, 2], "texture": "#2"},
				"south": {"uv": [0, 0, 2.8, 2], "texture": "#2"},
				"up": {"uv": [0, 13, 12, 16], "rotation": 90, "texture": "#1"}
			}
		},
		{
			"name": "EnergyStorage",
			"from": [1, 4, 1],
			"to": [15, 12, 15],
			"faces": {
				"north": {"uv": [0, 0, 16, 16], "texture": "#5"},
				"east": {"uv": [0, 0, 16, 16], "texture": "#5"},
				"south": {"uv": [0, 0, 16, 16], "texture": "#5"},
				"west": {"uv": [0, 0, 16, 16], "texture": "#5"}
			}
		},
		{
			"name": "Window1",
			"from": [0, 4, 4],
			"to": [16, 12, 12],
			"faces": {
				"east": {"uv": [0, 0, 14, 1], "texture": "#6"},
				"west": {"uv": [0, 0, 14, 1], "texture": "#6"}
			}
		},
		{
			"name": "Window2",
			"from": [4, 4, 0],
			"to": [12, 12, 16],
			"rotation": {"angle": 0, "axis": "y", "origin": [8, 8, 8]},
			"faces": {
				"north": {"uv": [0, 0, 14, 1], "texture": "#6"},
				"south": {"uv": [0, 0, 14, 1], "texture": "#6"}
			}
		}
	]
}