{
    "parent":"mechanization:base/model_block",
    "textures": {
        "0": "mechanization:base/t1_metal_plate",
        "1": "mechanization:gadgets/blue_print",
        "2": "mechanization:base/t1_battery_side",
        "3": "mechanization:base/t2_solid_dark",
        "4": "mechanization:gadgets/hologram_green"
    },
    "elements": [
		{
            "name": "Base",
            "from": [ 0.0, 0.0, 0.0 ], 
            "to": [ 16.0, 16.0, 16.0 ], 
            "faces": {
                "north": { "texture": "#0", "uv": [ 0.0, 0.0, 16.0, 16.0 ] },
                "east": { "texture": "#0", "uv": [ 0.0, 0.0, 16.0, 16.0 ] },
                "south": { "texture": "#0", "uv": [ 0.0, 0.0, 16.0, 16.0 ] },
                "west": { "texture": "#0", "uv": [ 0.0, 0.0, 16.0, 16.0 ] },
                "up": { "texture": "#1", "uv": [ 0.0, 0.0, 16.0, 16.0 ] },
                "down": { "texture": "#0", "uv": [ 0.0, 0.0, 16.0, 16.0 ] }
            }
        },
        {
            "name": "Side 1",
            "from": [ -1.0, 0.0, -1.0 ], 
            "to": [ 17.0, 5.0, 0.0 ], 
            "faces": {
                "north": { "texture": "#2", "uv": [ 0.0, 13.0, 12.0, 16.0 ] },
                "up": { "texture": "#3", "uv": [ 0.0, 0.0, 16.0, 1.0 ] },
                "down": { "texture": "#3", "uv": [ 0.0, 0.0, 16.0, 1.0 ] }
            }
        },
        {
            "name": "Side 2",
            "from": [ -1.0, 0.0, 16.0 ], 
            "to": [ 17.0, 5.0, 17.0 ], 
            "faces": {
                "south": { "texture": "#2", "uv": [ 0.0, 13.0, 12.0, 16.0 ] },
                "up": { "texture": "#3", "uv": [ 0.0, 0.0, 16.0, 1.0 ] },
                "down": { "texture": "#3", "uv": [ 0.0, 0.0, 16.0, 1.0 ] }
            }
        },
        {
            "name": "Side 3",
            "from": [ -1.0, 0.0, -1.0 ], 
            "to": [ 0.0, 5.0, 17.0 ], 
            "faces": {
                "west": { "texture": "#2", "uv": [ 0.0, 13.0, 12.0, 16.0 ] },
                "up": { "texture": "#3", "uv": [ 0.0, 0.0, 16.0, 1.0 ] },
                "down": { "texture": "#3", "uv": [ 0.0, 0.0, 16.0, 1.0 ] }
            }
        },
        {
            "name": "Side 4",
            "from": [ 16.0, 0.0, -1.0 ], 
            "to": [ 17.0, 5.0, 17.0 ], 
            "faces": {
                "east": { "texture": "#2", "uv": [ 0.0, 13.0, 12.0, 16.0 ] },
                "up": { "texture": "#3", "uv": [ 0.0, 0.0, 16.0, 1.0 ] },
                "down": { "texture": "#3", "uv": [ 0.0, 0.0, 16.0, 1.0 ] }
            }
        },
        {
            "name": "Corner 1",
            "from": [ -1.0, 5.0, -1.0 ], 
            "to": [ 0.0, 15.0, 0.0 ], 
            "faces": {
                "north": { "texture": "#4", "uv": [ 0.0, 0.0, 1.0, 10.0 ] },
                "east": { "texture": "#4", "uv": [ 0.0, 0.0, 1.0, 10.0 ] },
                "south": { "texture": "#4", "uv": [ 0.0, 0.0, 1.0, 10.0 ] },
                "west": { "texture": "#4", "uv": [ 0.0, 0.0, 1.0, 10.0 ] }
            }
        },
        {
            "name": "Corner 2",
            "from": [ 16.0, 5.0, -1.0 ], 
            "to": [ 17.0, 15.0, 0.0 ], 
            "faces": {
                "north": { "texture": "#4", "uv": [ 0.0, 0.0, 1.0, 10.0 ] },
                "east": { "texture": "#4", "uv": [ 0.0, 0.0, 1.0, 10.0 ] },
                "south": { "texture": "#4", "uv": [ 0.0, 0.0, 1.0, 10.0 ] },
                "west": { "texture": "#4", "uv": [ 0.0, 0.0, 1.0, 10.0 ] }
            }
        },
        {
            "name": "Corner 3",
            "from": [ 16.0, 5.0, 16.0 ], 
            "to": [ 17.0, 15.0, 17.0 ], 
            "faces": {
                "north": { "texture": "#4", "uv": [ 0.0, 0.0, 1.0, 10.0 ] },
                "east": { "texture": "#4", "uv": [ 0.0, 0.0, 1.0, 10.0 ] },
                "south": { "texture": "#4", "uv": [ 0.0, 0.0, 1.0, 10.0 ] },
                "west": { "texture": "#4", "uv": [ 0.0, 0.0, 1.0, 10.0 ] }
            }
        },
        {
            "name": "Corner 4",
            "from": [ -1.0, 5.0, 16.0 ], 
            "to": [ 0.0, 15.0, 17.0 ], 
            "faces": {
                "north": { "texture": "#4", "uv": [ 0.0, 0.0, 1.0, 10.0 ] },
                "east": { "texture": "#4", "uv": [ 0.0, 0.0, 1.0, 10.0 ] },
                "south": { "texture": "#4", "uv": [ 0.0, 0.0, 1.0, 10.0 ] },
                "west": { "texture": "#4", "uv": [ 0.0, 0.0, 1.0, 10.0 ] }
            }
        },
        {
            "name": "Top 1",
            "from": [ -1.0, 15.0, -1.0 ], 
            "to": [ 17.0, 16.0, 0.0 ], 
            "faces": {
                "north": { "texture": "#3", "uv": [ 0.0, 0.0, 16.0, 1.0 ] },
                "up": { "texture": "#3", "uv": [ 0.0, 0.0, 16.0, 1.0 ] },
                "down": { "texture": "#3", "uv": [ 0.0, 0.0, 16.0, 1.0 ] }
            }
        },
        {
            "name": "Top 2",
            "from": [ -1.0, 15.0, 16.0 ], 
            "to": [ 17.0, 16.0, 17.0 ], 
            "faces": {
                "south": { "texture": "#3", "uv": [ 0.0, 0.0, 16.0, 1.0 ] },
                "up": { "texture": "#3", "uv": [ 0.0, 0.0, 16.0, 1.0 ] },
                "down": { "texture": "#3", "uv": [ 0.0, 0.0, 16.0, 1.0 ] }
            }
        },
        {
            "name": "Top 3",
            "from": [ -1.0, 15.0, -1.0 ], 
            "to": [ 0.0, 16.0, 17.0 ], 
            "faces": {
                "west": { "texture": "#3", "uv": [ 0.0, 0.0, 16.0, 1.0 ] },
                "up": { "texture": "#3", "uv": [ 0.0, 0.0, 1.0, 16.0 ] },
                "down": { "texture": "#3", "uv": [ 0.0, 0.0, 1.0, 16.0 ] }
            }
        },
        {
            "name": "Top 4",
            "from": [ 16.0, 15.0, -1.0 ], 
            "to": [ 17.0, 16.0, 17.0 ], 
            "faces": {
                "east": { "texture": "#3", "uv": [ 0.0, 0.0, 16.0, 1.0 ] },
                "up": { "texture": "#3", "uv": [ 0.0, 0.0, 1.0, 16.0 ] },
                "down": { "texture": "#3", "uv": [ 0.0, 0.0, 1.0, 16.0 ] }
            }
        },
        {
            "name": "Figure 1",
            "from": [ 7.0, 17.0, 6.0 ], 
            "to": [ 9.0, 23.0, 7.8 ], 
            "faces": {
                "north": { "texture": "#4", "uv": [ 0.0, 0.0, 2.0, 6.0 ] },
                "east": { "texture": "#4", "uv": [ 0.0, 0.0, 1.8, 6.0 ] },
                "south": { "texture": "#4", "uv": [ 0.0, 0.0, 2.0, 6.0 ] },
                "west": { "texture": "#4", "uv": [ 0.0, 0.0, 1.8, 6.0 ] },
                "down": { "texture": "#4", "uv": [ 0.0, 0.0, 2.0, 1.8 ] }
            }
        },
        {
            "name": "Figure 2",
            "from": [ 7.0, 17.0, 8.2 ], 
            "to": [ 9.0, 23.0, 10.0 ], 
            "faces": {
                "north": { "texture": "#4", "uv": [ 0.0, 0.0, 2.0, 6.0 ] },
                "east": { "texture": "#4", "uv": [ 0.0, 0.0, 1.8, 6.0 ] },
                "south": { "texture": "#4", "uv": [ 0.0, 0.0, 2.0, 6.0 ] },
                "west": { "texture": "#4", "uv": [ 0.0, 0.0, 1.8, 6.0 ] },
                "down": { "texture": "#4", "uv": [ 0.0, 0.0, 2.0, 1.8 ] }
            }
        },
        {
            "name": "Figure 3",
            "from": [ 7.0, 23.0, 6.0 ], 
            "to": [ 9.0, 29.0, 10.0 ], 
            "faces": {
                "north": { "texture": "#4", "uv": [ 0.0, 0.0, 2.0, 6.0 ] },
                "east": { "texture": "#4", "uv": [ 0.0, 0.0, 4.0, 6.0 ] },
                "south": { "texture": "#4", "uv": [ 0.0, 0.0, 2.0, 6.0 ] },
                "west": { "texture": "#4", "uv": [ 0.0, 0.0, 4.0, 6.0 ] },
                "up": { "texture": "#4", "uv": [ 0.0, 0.0, 2.0, 4.0 ] },
                "down": { "texture": "#4", "uv": [ 0.0, 0.0, 2.0, 4.0 ] }
            }
        },
        {
            "name": "Figure 4",
            "from": [ 7.0, 20.6, -3.5 ], 
            "to": [ 9.0, 26.6, -1.5 ], 
            "rotation": { "origin": [ 8.0, 8.0, 8.0 ], "axis": "x", "angle": 22.5 },
            "faces": {
                "north": { "texture": "#4", "uv": [ 0.0, 0.0, 2.0, 6.0 ] },
                "east": { "texture": "#4", "uv": [ 0.0, 0.0, 2.0, 6.0 ] },
                "south": { "texture": "#4", "uv": [ 0.0, 0.0, 2.0, 6.0 ] },
                "west": { "texture": "#4", "uv": [ 0.0, 0.0, 2.0, 6.0 ] },
                "up": { "texture": "#4", "uv": [ 0.0, 0.0, 2.0, 2.0 ] },
                "down": { "texture": "#4", "uv": [ 0.0, 0.0, 2.0, 2.0 ] }
            }
        },
        {
            "name": "Figure 5",
            "from": [ 7.0, 20.5, 17.5 ], 
            "to": [ 9.0, 26.5, 19.5 ], 
            "rotation": { "origin": [ 8.0, 8.0, 8.0 ], "axis": "x", "angle": -22.5 },
            "faces": {
                "north": { "texture": "#4", "uv": [ 0.0, 0.0, 2.0, 6.0 ] },
                "east": { "texture": "#4", "uv": [ 0.0, 0.0, 2.0, 6.0 ] },
                "south": { "texture": "#4", "uv": [ 0.0, 0.0, 2.0, 6.0 ] },
                "west": { "texture": "#4", "uv": [ 0.0, 0.0, 2.0, 6.0 ] },
                "up": { "texture": "#4", "uv": [ 0.0, 0.0, 2.0, 2.0 ] },
                "down": { "texture": "#4", "uv": [ 0.0, 0.0, 2.0, 2.0 ] }
            }
        },
        {
            "name": "Figure 6",
            "from": [ 6.5, 29.0, 6.5 ], 
            "to": [ 9.5, 32.0, 9.5 ], 
            "faces": {
                "north": { "texture": "#4", "uv": [ 0.0, 0.0, 3.0, 3.0 ] },
                "east": { "texture": "#4", "uv": [ 0.0, 0.0, 3.0, 3.0 ] },
                "south": { "texture": "#4", "uv": [ 0.0, 0.0, 3.0, 3.0 ] },
                "west": { "texture": "#4", "uv": [ 0.0, 0.0, 3.0, 3.0 ] },
                "up": { "texture": "#4", "uv": [ 0.0, 0.0, 3.0, 3.0 ] },
                "down": { "texture": "#4", "uv": [ 0.0, 0.0, 3.0, 3.0 ] }
            }
        }
    ]
}