{
	"textures": {
		"texture": "mechanization:gadgets/gui/tinker_table_slots_6"
	},
	"elements": [ 
		{
			"from": [ -16, -16, 15.9375 ],
			"to": [ 32, 32, 16 ],
			"faces": {
				"north": { "uv": [ 0, 0, 11, 11 ], "rotation": 180, "texture": "#texture" },
				"south": { "uv": [ 0, 0, 11, 11 ], "texture": "#texture" }
			}
		}
	],
	"display": {
		"firstperson_lefthand": {
			"rotation": [ 0, 0, 0 ],
			"translation": [ 0, 0, 0 ],
			"scale": [ 0, 0, 0 ]
		},
		"gui": {
			"rotation": [ 0, 0, 0 ],
			"translation": [ 72, -62, 0 ],
			"scale": [ 3.66, 3.66, 3.66 ]
		},
		"ground": {
			"rotation": [ 0, 0, 0 ],
			"translation": [ 17.83, -17.69, 0 ],
			"scale": [ 0, 0, 0 ]
		}
	},
	"gui_light":"front"
}