{
	"parent":"mechanization:base/model_block",
	"textures": {
		"0": "mechanization:machines/liquid_pipe"
	},
	"elements": [
		{
			"from": [4, 0, 4],
			"to": [12, 16, 12],
			"rotation": {"angle": 0, "axis": "z", "origin": [8, 8, 8]},
			"faces": {
				"north": {"uv": [8, 0, 12, 8], "texture": "#0"},
				"east": {"uv": [8, 0, 12, 8], "rotation": 180, "texture": "#0"},
				"south": {"uv": [8, 0, 12, 8], "rotation": 180, "texture": "#0"},
				"west": {"uv": [8, 0, 12, 8], "texture": "#0"},
				"up": {"uv": [12, 12, 16, 16], "rotation": 270, "texture": "#0"},
				"down": {"uv": [12, 12, 16, 16], "texture": "#0"}
			}
		}
	]
}