{
	"parent":"mechanization:base/model_block",
	"textures": {
		"0": "mechanization:machines/liquid_pipe"
	},
	"elements": [
		{
			"from": [4, 4, 4],
			"to": [12, 12, 12],
			"rotation": {"angle": 0, "axis": "y", "origin": [8, 8, 8]},
			"faces": {
				"north": {"uv": [8, 8.5, 12, 12.5], "texture": "#0"},
				"east": {"uv": [12, 1, 16, 5], "rotation": 270, "texture": "#0"},
				"west": {"uv": [8, 8, 12, 12], "rotation": 270, "texture": "#0"},
				"up": {"uv": [8, 8, 12, 12], "rotation": 270, "texture": "#0"}
			}
		},
		{
			"from": [4, 4, 12],
			"to": [12, 12, 14],
			"rotation": {"angle": 0, "axis": "y", "origin": [8, 8, 8]},
			"faces": {
				"east": {"uv": [12, 5, 16, 6], "rotation": 270, "texture": "#0"},
				"west": {"uv": [12, 4.5, 16, 5.5], "rotation": 270, "texture": "#0"},
				"up": {"uv": [12, 5, 16, 6], "rotation": 180, "texture": "#0"},
				"down": {"uv": [12, 5, 16, 6], "rotation": 180, "texture": "#0"}
			}
		},
		{
			"from": [4, 2, 4],
			"to": [12, 4, 12],
			"rotation": {"angle": 0, "axis": "y", "origin": [8, 8, 8]},
			"faces": {
				"north": {"uv": [12, 4.5, 16, 5.5], "texture": "#0"},
				"east": {"uv": [12, 5, 16, 6], "texture": "#0"},
				"south": {"uv": [12, 5, 16, 6], "rotation": 180, "texture": "#0"},
				"west": {"uv": [12, 5, 16, 6], "rotation": 180, "texture": "#0"}
			}
		},
		{
			"from": [2, -2, 2],
			"to": [14, 2, 14],
			"rotation": {"angle": 0, "axis": "y", "origin": [8, 8, 8]},
			"faces": {
				"north": {"uv": [0, 8, 2, 14], "rotation": 270, "texture": "#0"},
				"east": {"uv": [0, 8, 2, 14], "rotation": 90, "texture": "#0"},
				"south": {"uv": [0, 8, 2, 14], "rotation": 90, "texture": "#0"},
				"west": {"uv": [0, 8, 2, 14], "rotation": 270, "texture": "#0"},
				"up": {"uv": [2, 8, 8, 14], "rotation": 90, "texture": "#0"},
				"down": {"uv": [2, 8, 8, 14], "rotation": 90, "texture": "#0"}
			}
		},
		{
			"from": [2, 2, 14],
			"to": [14, 14, 18],
			"rotation": {"angle": 0, "axis": "y", "origin": [8, 8, 8]},
			"faces": {
				"north": {"uv": [2, 8, 8, 14], "rotation": 180, "texture": "#0"},
				"east": {"uv": [0, 8, 2, 14], "rotation": 180, "texture": "#0"},
				"south": {"uv": [2, 8, 8, 14], "rotation": 180, "texture": "#0"},
				"west": {"uv": [0, 8, 2, 14], "rotation": 180, "texture": "#0"},
				"up": {"uv": [0, 8, 2, 14], "rotation": 270, "texture": "#0"},
				"down": {"uv": [0, 8, 2, 14], "rotation": 270, "texture": "#0"}
			}
		},
		{
			"from": [12, 4, 4],
			"to": [14, 12, 12],
			"rotation": {"angle": 0, "axis": "y", "origin": [8, 8, 8]},
			"faces": {
				"north": {"uv": [12, 5, 16, 6], "rotation": 270, "texture": "#0"},
				"south": {"uv": [12, 4.5, 16, 5.5], "rotation": 270, "texture": "#0"},
				"up": {"uv": [12, 5, 16, 6], "rotation": 90, "texture": "#0"},
				"down": {"uv": [12, 5, 16, 6], "rotation": 270, "texture": "#0"}
			}
		},
		{
			"from": [14, 2, 2],
			"to": [18, 14, 14],
			"rotation": {"angle": 0, "axis": "y", "origin": [8, 8, 8]},
			"faces": {
				"north": {"uv": [0, 8, 2, 14], "rotation": 180, "texture": "#0"},
				"east": {"uv": [2, 8, 8, 14], "rotation": 180, "texture": "#0"},
				"south": {"uv": [0, 8, 2, 14], "rotation": 180, "texture": "#0"},
				"west": {"uv": [2, 8, 8, 14], "rotation": 180, "texture": "#0"},
				"up": {"uv": [0, 8, 2, 14], "rotation": 180, "texture": "#0"},
				"down": {"uv": [0, 8, 2, 14], "texture": "#0"}
			}
		}
	]
}